<?xml version="1.0" encoding="UTF-8"?>
<project-private xmlns="http://www.netbeans.org/ns/project-private/1">
    <editor-bookmarks xmlns="http://www.netbeans.org/ns/editor-bookmarks/2" lastBookmarkId="0"/>
    <open-files xmlns="http://www.netbeans.org/ns/projectui-open-files/2">
        <group>
            <file>file:/C:/Users/DELL/Desktop/AAB2_Proyecto-g5/Solucion_Codigo/ProytectoB2POO3.0/SistemaFacturacionSuperMaxi/src/Controlador/Producto.java</file>
            <file>file:/C:/Users/DELL/Desktop/AAB2_Proyecto-g5/Solucion_Codigo/ProytectoB2POO3.0/SistemaFacturacionSuperMaxi/src/Controlador/ProductoNormal.java</file>
            <file>file:/C:/Users/DELL/Desktop/AAB2_Proyecto-g5/Solucion_Codigo/ProytectoB2POO3.0/SistemaFacturacionSuperMaxi/src/Controlador/ProductoPromocional.java</file>
            <file>file:/C:/Users/DELL/Desktop/AAB2_Proyecto-g5/Solucion_Codigo/ProytectoB2POO3.0/SistemaFacturacionSuperMaxi/src/Controlador/Cliente.java</file>
            <file>file:/C:/Users/DELL/Desktop/AAB2_Proyecto-g5/Solucion_Codigo/ProytectoB2POO3.0/SistemaFacturacionSuperMaxi/src/Controlador/ClienteNormal.java</file>
            <file>file:/C:/Users/DELL/Desktop/AAB2_Proyecto-g5/Solucion_Codigo/ProytectoB2POO3.0/SistemaFacturacionSuperMaxi/src/Controlador/ClienteNatural.java</file>
            <file>file:/C:/Users/DELL/Desktop/AAB2_Proyecto-g5/Solucion_Codigo/ProytectoB2POO3.0/SistemaFacturacionSuperMaxi/src/Controlador/EstadisticaVentas.java</file>
            <file>file:/C:/Users/DELL/Desktop/AAB2_Proyecto-g5/Solucion_Codigo/ProytectoB2POO3.0/SistemaFacturacionSuperMaxi/src/Controlador/EstadisticaPorProducto.java</file>
            <file>file:/C:/Users/DELL/Desktop/AAB2_Proyecto-g5/Solucion_Codigo/ProytectoB2POO3.0/SistemaFacturacionSuperMaxi/src/Controlador/EstadisticaPorCategoria.java</file>
            <file>file:/C:/Users/DELL/Desktop/AAB2_Proyecto-g5/Solucion_Codigo/ProytectoB2POO3.0/SistemaFacturacionSuperMaxi/src/Controlador/ImpuestoDeducible.java</file>
            <file>file:/C:/Users/DELL/Desktop/AAB2_Proyecto-g5/Solucion_Codigo/ProytectoB2POO3.0/SistemaFacturacionSuperMaxi/src/Controlador/Inventario.java</file>
            <file>file:/C:/Users/DELL/Desktop/AAB2_Proyecto-g5/Solucion_Codigo/ProytectoB2POO3.0/SistemaFacturacionSuperMaxi/src/Controlador/Factura.java</file>
            <file>file:/C:/Users/DELL/Desktop/AAB2_Proyecto-g5/Solucion_Codigo/ProytectoB2POO3.0/SistemaFacturacionSuperMaxi/src/Controlador/LineaFactura.java</file>
            <file>file:/C:/Users/DELL/Desktop/AAB2_Proyecto-g5/Solucion_Codigo/ProytectoB2POO3.0/SistemaFacturacionSuperMaxi/src/Modelo/SistemaModelo.java</file>
            <file>file:/C:/Users/DELL/Desktop/AAB2_Proyecto-g5/Solucion_Codigo/ProytectoB2POO3.0/SistemaFacturacionSuperMaxi/src/Vista/SistemaFacturacion.java</file>
        </group>
    </open-files>
</project-private>
